#BEAMS,,,,,,,,,,,,,,,
,,,,,,,,,,,,,,,
# Parameter Export,,,,,,,,,,,,,,,
,,,,,,,,,,,,,,,
# Temperature (K),1.947,3.945,7.321,9.041,10.969,13.073,15.017,17.995,19.856,24.67,30.216,37.739,45.31,52.753,59.269
Uncertainty ,0.012,0.013,0.014,0.01,0.009,0.009,0.009,0.009,0.009,0.06,0.005,0.001,0.025,0.009,0.002
a       ,0.02706,0.03577,0.25,0.25,0.2025,0.21142,0.21252,0.2162,0.21764,0.22149,0.22244,0.22659,0.2305,0.23394,0.23647
Uncertainty ,304.94723,444.61787,0.70051,0.5965,0.0061,0.0066,0.00667,0.00653,0.00658,0.00671,0.00656,0.0064,0.00603,0.00598,0.00533
,,,,,,,,,,,,,,,
# Fitting equation,,,,,,,,,,,,,,,
,,,,,,,,,,,,,,,
,# A(t) = a*cos(2*?*?*t + ?*?/180)*exp(-?*t),,,,,,,,,,,,,,
